Country,Avatar,Name,Rating,Images,Is Anonymous,Review,Translation Review,Vote Count,Logistics,Sku Info,Date of Published
US,https://gw.alicdn.com/tps/TB1zA01LXXXXXc0XFXXXXXXXXXX-240-240.png,p***p,5,,FALSE,very cute,very cute,0,Aliexpress Selection Standard,Color:pink flower Baby Age:13-18 Months ,13/10/2024
US,,U***e,5,,FALSE,Hermosos igual como se describen size 13-18 meses perfectos para una bebe de 11 mese envío muy rápido y el vendedor buena comunicación lo recomiendo 100% gracias ,Beautiful same as described size 13-18 months perfect for a baby of 11 months very fast shipping I recommend 100% thank you,0,Aliexpress Selection Standard,Color:black flower Baby Age:13-18 Months ,23/12/2024
US,https://ae01.alicdn.com/kf/A34df00e4c99547bba132dcde9c30a0a0H.jpg_220x220.jpg,A***r,5,https://ae01.alicdn.com/kf/A6be5d1471fc64ceeacf72ad7a82f4b9e3.jpg,FALSE,Beautiful! We are definitely ordering more !,Beautiful! We are definitely ordering more !,0,Aliexpress Selection Standard,Color:pink flower Baby Age:0-6 Months ,03/04/2025
US,,AliExpress Shopper,5,,TRUE,Excatly like the picture and very cute,Excatly like the picture and very cute,0,Aliexpress Selection Standard,Color:white flower Baby Age:0-6 Months ,02/04/2025
RU,,Б***а,5,https://ae01.alicdn.com/kf/Ab1de73a6ffc44bfabd20ecfc6b4c2badt.jpeg,FALSE,Очень милые туфельки для малышки🩷выполнены аккуратно.,Very cute baby shoes🩷Done neatly.,0,AliExpress Saver Shipping,Color:pink flower Baby Age:7-12 Months ,20/10/2024
ES,https://ae01.alicdn.com/kf/Aaa518cc507d44b2d9a7b50bc5520a8e4o.jpg_220x220.jpg,m***z,5,,FALSE,,,0,Aliexpress Selection Premium shipping,Color:pink flower Baby Age:0-6 Months ,22/11/2024
RU,,П***а,5,"https://ae01.alicdn.com/kf/A9ed940abc6254711bed3a099fa974086u.jpg,
https://ae01.alicdn.com/kf/A7e78cb5d8ceb41a9bc8de469f1749d3at.jpg,
https://ae01.alicdn.com/kf/A59d1fa1f4a4040c2a402984f6f56f839p.jpg",FALSE,"Хороший товар, спасибо продавцу, рекомендую","Good product, recommend",0,AliExpress Saver Shipping,Color:pink flower Baby Age:13-18 Months ,02/02/2025
SV,https://ae01.alicdn.com/kf/A3c60d786c59340879b98ce368e5a7a0d1.jpg_220x220.jpg,c***z,5,,FALSE,,,0,AliExpress Standard Shipping,Color:pink flower Baby Age:0-6 Months ,04/01/2025
AL,https://ae01.alicdn.com/kf/A07717e591d4b40d0b5e250add9b4c1cfr.jpg_220x220.jpg,L***D,5,,FALSE,,,0,Cainiao Super Economy Global,Color:pink flower Baby Age:0-6 Months ,04/12/2024
ES,,a***r,5,,FALSE,Me encantaron son lindos,I loved they are cute,0,Cainiao Super Economy Global,Color:gray flower Baby Age:0-6 Months ,28/11/2024
BR,https://ae01.alicdn.com/kf/A93304f19586944fba4ee0814610057b7J.jpg_220x220.jpg,B***c,5,,FALSE,ficou na medida da minha bebê de 4 meses,Was the measure of my 4-month-old baby,0,Aliexpress Selection Standard,Color:wine red flower Baby Age:7-12 Months ,28/11/2024
AL,https://ae01.alicdn.com/kf/U527181f7e4f44343ad76a0dcfef4a013I.jpg_220x220.jpg,E***i,5,"https://ae01.alicdn.com/kf/Aef2940e3eba44fa7a89c88ecf09d24f1o.jpg,
https://ae01.alicdn.com/kf/A0eaa68413f58480399be6d2fe02d1514z.jpg",FALSE,best for baby,Best for baby,0,Cainiao Super Economy Global,Color:pink flower Baby Age:7-12 Months ,27/02/2025
BY,https://ae01.alicdn.com/kf/UTB8B_AJJGrFXKJk43Ovq6ybnpXa1.jpg_220x220.jpg,K***a,5,,FALSE,,,0,AliExpress Saver Shipping,Color:pink flower Baby Age:7-12 Months ,11/03/2025
IL,https://gw.alicdn.com/tps/TB1zA01LXXXXXc0XFXXXXXXXXXX-240-240.png,d***a,5,,FALSE,,,0,Aliexpress Selection Standard,Color:white flower Baby Age:7-12 Months ,10/03/2025
PL,https://gw.alicdn.com/tps/TB1CjX4LXXXXXbSXFXXXXXXXXXX-240-240.png,W***y,5,,FALSE,,,0,Aliexpress Selection Standard,Color:pink flower Baby Age:7-12 Months ,10/01/2025
PL,https://ae01.alicdn.com/kf/U61195cdb4ff14becb7f2667edfe8f3edz.jpg_220x220.jpg,K***ń,5,,FALSE,Super! szybka dostawa,Super! Fast Delivery,0,Aliexpress Selection Standard,Color:white flower Baby Age:0-6 Months ,15/11/2024
IL,,c***r,4,,FALSE,gorgeous shoes,gorgeous shoes,0,Aliexpress Selection Standard,Color:wine red flower Baby Age:7-12 Months ,02/02/2025
MX,https://ae01.alicdn.com/kf/Uf36d9bc3622b46a283b4e28ef9e67d9fz.jpg_220x220.jpg,J***z,5,,FALSE,tal cual en la foto,As in the photo,0,Aliexpress Selection Standard,Color:red flower Baby Age:0-6 Months ,17/12/2024
MV,https://ae01.alicdn.com/kf/UTB8aYk.KXfFXKJk43Otq6xIPFXaT.jpg_220x220.jpg,A***m,5,,FALSE,,,0,Cainiao Super Economy Global,Color:black flower Baby Age:0-6 Months ,17/01/2025
US,,5***r,5,"https://ae01.alicdn.com/kf/A3cdba5b0fa694543b46cd8ec4232a4ebg.jpg,
https://ae01.alicdn.com/kf/A15b9641fb57d4f019cf694a7ea262a70d.jpg,
https://ae01.alicdn.com/kf/A0565973943004013b2544dc3fc3ff7c7P.jpg",FALSE,the shoes in the picture are on a two month old. but she is a little small for her age. they are technically still big because they fall off a little so I would definitely write these a 3 through 6 months in American size. I think they are well made and worth the price for sure! I just wanted something to help keep her feet a little bit warm for the upcoming winter. 100% recommend!,The shoes in the picture are on a two month old. But she is a little small for her age. They are technically still big because they fall off a little so i would definitely write these a 3 through 6 months in american size. I think they are well made and worth the price for sure! I just wanted something to help keep her feet a little bit warm for the upcoming winter. 100% recommend!,0,Aliexpress Selection Standard,Color:gray flower Baby Age:0-6 Months ,13/10/2025
RU,,Т***а,5,,FALSE,,,0,AliExpress Saver Shipping,Color:gray flower Baby Age:7-12 Months ,17/06/2025
MU,https://ae01.alicdn.com/kf/Ub81a2db0ac8042fabf0f911cf5385ecch.jpg_220x220.jpg,A***a,5,https://ae01.alicdn.com/kf/A2efa2424c58a4f7e98a748235c6addedM.jpg,FALSE,,,0,AliExpress Standard Shipping,Color:pink flower Baby Age:13-18 Months ,25/06/2025
BY,,AliExpress Shopper,5,,TRUE,,,0,AliExpress Saver Shipping,Color:white flower Baby Age:0-6 Months ,15/07/2025
RU,,М***а,5,,FALSE,,,0,AliExpress Saver Shipping,Color:pink flower Baby Age:7-12 Months ,04/06/2025
CL,https://ae01.alicdn.com/kf/UTB8A4JQnFPJXKJkSahVq6xyzFXaA.jpg_220x220.jpg,R***z,5,,FALSE,,,0,Aliexpress Selection Standard,Color:pink flower Baby Age:0-6 Months ,30/08/2025
IL,https://ae01.alicdn.com/kf/UT8FETjXKXXXXagOFbXK.jpg_220x220.jpg,L***d,5,,FALSE,,,0,Aliexpress Selection Standard,Color:pink flower Baby Age:0-6 Months ,04/08/2025
RU,,Б***а,5,,FALSE,,,0,AliExpress Saver Shipping,Color:wine red flower Baby Age:7-12 Months ,31/05/2025
RU,https://ae01.alicdn.com/kf/UT84quQX4paXXagOFbXw.jpg_220x220.jpg,З***а,5,https://ae01.alicdn.com/kf/A9bed110ec427423ab053d6423524fabeW.jpeg,FALSE,,,0,AliExpress Saver Shipping,Color:pink flower Baby Age:7-12 Months ,21/06/2025
AU,https://ae01.alicdn.com/kf/Aa3e0594307b648c5b7fbf958b724d77cn.jpg_220x220.jpg,S***a,4,,FALSE,,,0,Aliexpress Selection Standard,Color:white flower Baby Age:0-6 Months ,06/06/2025
IL,https://ae01.alicdn.com/kf/A7050ccf35c894f03bfcfe8b7ae6391abv.jpg_220x220.jpg,S***i,5,,FALSE,,,0,Aliexpress Selection Standard,Color:pink flower Baby Age:0-6 Months ,01/09/2025
PY,https://ae01.alicdn.com/kf/A91404aa97f8440d392173f0cea1fa5d8H.jpg_220x220.jpg,M***e,5,,FALSE,,,0,Aliexpress Selection Standard,Color:pink flower Baby Age:0-6 Months ,11/11/2025
CL,,AliExpress Shopper,5,https://ae01.alicdn.com/kf/A34921953010d45708a2e8bffd7e40fe9q.jpg,TRUE,Hermosos,Beautiful,0,Aliexpress Selection Standard,Color:pink flower Baby Age:13-18 Months ,05/11/2025
BR,https://gw.alicdn.com/tps/TB1CjX4LXXXXXbSXFXXXXXXXXXX-240-240.png,M***a,5,,FALSE,Adorei!! Bem bacana e confortável…,I loved it!! Very cool and comfortable...,0,Aliexpress Selection Standard,Color:pink flower Baby Age:13-18 Months ,15/07/2025
